fpcrm@yahoo.com,
lzsjt@supersqa.com,
hkzxt@msn.com,
vuuzw@supersqa.com,
rjeya@outlook.com,
araga@gmail.com,
weqem@outlook.com,
jsirw@supersqa.com,
kupwi@yahoo.com,
ohtlo@msn.com,
zrmtv@supersqa.com,
gowdl@msn.com,
ytxxs@msn.com,
cbxkn@gmail.com,
kzixe@supersqa.com,
jfekd@outlook.com,
ndqzd@supersqa.com,
jvpsl@outlook.com,
btwyz@supersqa.com,
tuoca@outlook.com,
usajb@gmail.com,
emtsb@msn.com,
lcfww@yahoo.com,
ytwel@outlook.com,
icczz@gmail.com,
kopsm@outlook.com,
jkpoe@supersqa.com,
paggs@supersqa.com,
yvmby@supersqa.com,
ulkxk@msn.com,
bbior@outlook.com,
xqvhh@yahoo.com,
tuuif@msn.com,
dfeus@msn.com,
yudmq@msn.com,
xuqus@yahoo.com,
gtqgo@gmail.com,
sbxsg@gmail.com,
ttatj@yahoo.com,
dpqdz@yahoo.com,
wxusd@yahoo.com,
zoxhx@outlook.com,
clzcp@outlook.com,
ztyhy@msn.com,
aoqdl@gmail.com,
zuaax@supersqa.com,
pqxwc@outlook.com,
flmji@yahoo.com,
whghu@yahoo.com,
izqip@supersqa.com,
uhcge@yahoo.com,
pqnhe@supersqa.com,
skasc@supersqa.com,
awuwm@msn.com,
grjct@yahoo.com,
tczxw@supersqa.com,
sydgr@gmail.com,
yutxa@supersqa.com,
dfmus@gmail.com,
utimh@msn.com,
ianfc@msn.com,
twaak@msn.com,
miwqb@msn.com,
ifhcl@yahoo.com,
bxdic@gmail.com,
ydjjl@outlook.com,
pexbg@outlook.com,
zemwc@yahoo.com,
eydsu@gmail.com,
oarzs@supersqa.com,
ezpmu@yahoo.com,
qavuq@outlook.com,
qoopd@gmail.com,
nmfek@outlook.com,
yivry@supersqa.com,
xkisu@outlook.com,
mluna@gmail.com,
fwexl@gmail.com,
jnbpe@outlook.com,
aemwu@msn.com,
clfld@supersqa.com,
kehec@gmail.com,
bfymp@gmail.com,
seplu@outlook.com,
ejzhf@gmail.com,
xhlhn@gmail.com,
jtann@supersqa.com,
jtblm@supersqa.com,
xagsx@msn.com,
ghnfv@supersqa.com,
zctvf@outlook.com,
hqeiy@outlook.com,
upcra@outlook.com,
sfgbz@yahoo.com,
mvtlf@outlook.com,
otkdp@outlook.com,
ggplk@outlook.com,
mlupn@yahoo.com,
msjkl@msn.com,
nrste@yahoo.com,
